name,fullname,level,type,category
TOCS,ACM Transactions on Computer Systems,A,Journal,1
TOS,ACM Transactions on Storage,A,Journal,1
TCAD,IEEE Transactions On Computer-Aided Design Of Integrated Circuits And System,A,Journal,1
TC,IEEE Transactions on Computers,A,Journal,1
TPDS,IEEE Transactions on Parallel and Distributed Systems,A,Journal,1
TACO,ACM Transactions on Architecture and Code Optimization,B,Journal,1
TAAS,ACM Transactions on Autonomous and Adaptive Systems,B,Journal,1
TODAES,ACM Transactions on Design Automation of Electronic Systems,B,Journal,1
TECS,ACM Transactions on Embedded Computing Systems,B,Journal,1
TRETS,ACM Transactions on Reconfigurable Technology and Systems,B,Journal,1
TVLSI,IEEE Transactions on Very Large Scale Integration (VLSI) Systems,B,Journal,1
JPDC,Journal of Parallel and Distributed Computing,B,Journal,1
JSA,Journal of Systems Architecture: Embedded Software Design,B,Journal,1
PARCO,Parallel Computing,B,Journal,1
,Performance Evaluation: An International Journal,B,Journal,1
JETC,ACM Journal on Emerging Technologies in Computing Systems,C,Journal,1
,Concurrency and Computation: Practice and Experience,C,Journal,1
DC,Distributed Computing,C,Journal,1
FGCS,Future Generation Computer Systems,C,Journal,1
TCC,IEEE Transactions on Cloud Computing,C,Journal,1
Integration,"Integration, the VLSI Journal",C,Journal,1
JETTA,Journal of Electronic Testing-Theory and Applications,C,Journal,1
JGC,The Journal of Grid computing,C,Journal,1
MICPRO,Microprocessors and Microsystems: Embedded Hardware Design,C,Journal,1
RTS,Real-Time Systems,C,Journal,1
TJSC,The Journal of Supercomputing,C,Journal,1
PPoPP,ACM SIGPLAN Symposium on Principles & Practice of Parallel Programming,A,Meeting,1
FAST,Conference on File and Storage Technologies,A,Meeting,1
DAC,Design Automation Conference,A,Meeting,1
HPCA,High-Performance Computer Architecture,A,Meeting,1
MICRO,IEEE/ACM International Symposium on Microarchitecture,A,Meeting,1
SC,"International Conference for High Performance Computing, Networking, Storage, and Analysis",A,Meeting,1
ASPLOS,International Conference on Architectural Support for Programming Languages and Operating Systems,A,Meeting,1
ISCA,International Symposium on Computer Architecture,A,Meeting,1
USENIX ATC,USENIX Annul Technical Conference,A,Meeting,1
SOCC,ACM Symposium on Cloud Computing,B,Meeting,1
SPAA,ACM Symposium on Parallelism in Algorithms and Architectures,B,Meeting,1
PODC,ACM Symposium on Principles of Distributed Computing,B,Meeting,1
FPGA,ACM/SIGDA International Symposium on Field-Programmable Gate Arrays,B,Meeting,1
CGO,Code Generation and Optimization,B,Meeting,1
DATE,"Design, Automation & Test in Europe",B,Meeting,1
EuroSys,European Conference on Computer Systems,B,Meeting,1
HOT CHIPS,ACM Symposium on High Performance Chips,B,Meeting,1
CLUSTER,IEEE International Conference on Cluster Computing,B,Meeting,1
ICCD,International Conference on Computer Design,B,Meeting,1
ICCAD,International Conference on Computer-Aided Design,B,Meeting,1
ICDCS,International Conference on Distributed Computing Systems,B,Meeting,1
CODES+ISSS,International Conference on Hardware/Software Co-design and System Synthesis,B,Meeting,1
HiPEAC,International Conference on High Performance and Embedded Architectures and Compilers,B,Meeting,1
SIGMETRICS,International Conference on Measurement and Modeling of Computer Systems,B,Meeting,1
PACT,International Conference on Parallel Architectures and Compilation Techniques,B,Meeting,1
ICPP,International Conference on Parallel Processing,B,Meeting,1
ICS,International Conference on Supercomputing,B,Meeting,1
VEE,International Conference on Virtual Execution Environments,B,Meeting,1
IPDPS,International Parallel & Distributed Processing Symposium,B,Meeting,1
Performance,"International Symposium on Computer Performance, Modeling, Measurements and Evaluation",B,Meeting,1
HPDC,International Symposium on High Performance Distributed Computing,B,Meeting,1
ITC,International Test Conference,B,Meeting,1
LISA,Large Installation system Administration Conference,B,Meeting,1
MSST,Mass Storage Systems and Technologies,B,Meeting,1
RTAS,Real-Time and Embedded Technology and Applications Symposium,B,Meeting,1
CF,ACM International Conference on Computing Frontiers,C,Meeting,1
SYSTOR,ACM International Systems and Storage Conference,C,Meeting,1
NOCS,ACM/IEEE International Symposium on Networks-on-Chip,C,Meeting,1
ASAP,"Application-Specific Systems, Architectures, and Processors",C,Meeting,1
ASP-DAC,Asia and South Pacific Design Automation Conference,C,Meeting,1
Euro-Par,European Conference on Parallel and Distributed Computing,C,Meeting,1
ETS,European Test Symposium,C,Meeting,1
FPL,Field Programmable Logic and Applications,C,Meeting,1
FCCM,Field-Programmable Custom Computing Machines,C,Meeting,1
GLSVLSI,Great Lakes Symposium on VLSI,C,Meeting,1
ATS,IEEE Asian Test Symposium,C,Meeting,1
HPCC,IEEE International Conference on High Performance Computing and Communications,C,Meeting,1
HiPC,"IEEE International Conference on High Performance Computing, Data and Analytics",C,Meeting,1
MASCOTS,"IEEE International Symposium on Modeling, Analysis, and Simulation of Computer and Telecommunication Systems",C,Meeting,1
ISPA,IEEE International Symposium on Parallel and Distributed Processing with Applications,C,Meeting,1
CCGRID,"IEEE/ACM International Symposium on Cluster, Cloud and Grid Computing",C,Meeting,1
NPC,IFIP International Conference on Network and Parallel Computing,C,Meeting,1
ICA3PP,International Conference on Algorithms and Architectures for Parallel Processing,C,Meeting,1
CASES,"International Conference on Compilers, Architectures, and Synthesis for Embedded Systems",C,Meeting,1
FPT,International Conference on Field-Programmable Technology,C,Meeting,1
ICPADS,International Conference on Parallel and Distributed Systems,C,Meeting,1
ISCAS,International Symposium on Circuits and Systems,C,Meeting,1
ISLPED,International Symposium on Low Power Electronics and Design,C,Meeting,1
ISPD,International Symposium on Physical Design,C,Meeting,1
HotI,Symposium on High-Performance Interconnects,C,Meeting,1
VTS,VLSI Test Symposium,C,Meeting,1
JSAC,IEEE Journal of Selected Areas in Communications,A,Journal,2
TMC,IEEE Transactions on Mobile Computing,A,Journal,2
TON,IEEE/ACM Transactions on Networking,A,Journal,2
TOIT,ACM Transactions on Internet Technology,B,Journal,2
TOMCCAP,"ACM Transactions on Multimedia Computing, Communications and Applications",B,Journal,2
TOSN,ACM Transactions on Sensor Networks,B,Journal,2
CN,Computer Networks,B,Journal,2
TCOM,IEEE Transactions on Communications,B,Journal,2
TWC,IEEE Transactions on Wireless Communications,B,Journal,2
,Ad hoc Networks,C,Journal,2
CC,Computer Communications,C,Journal,2
TNSM,IEEE Transactions on Network and Service Management,C,Journal,2
,IET Communications,C,Journal,2
JNCA,Journal of Network and Computer Applications,C,Journal,2
MONET,Mobile Networks & Applications,C,Journal,2
,Networks,C,Journal,2
PPNA,Peer-to-Peer Networking and Applications,C,Journal,2
WCMC,Wireless Communications & Mobile Computing,C,Journal,2
,Wireless Networks,C,Journal,2
SIGCOMM,"ACM International Conference on Applications, Technologies, Architectures, and Protocols for Computer Communication",A,Meeting,2
MobiCom,ACM International Conference on Mobile Computing and Networking,A,Meeting,2
INFOCOM,IEEE International Conference on Computer Communications,A,Meeting,2
NSDI,Symposium on Network System Design and Implementation,A,Meeting,2
SenSys,ACM Conference on Embedded Networked Sensor Systems,B,Meeting,2
CoNEXT,ACM International Conference on emerging Networking EXperiments and Technologies,B,Meeting,2
SECON,IEEE Communications Society Conference on Sensor and Ad Hoc Communications and Networks,B,Meeting,2
IPSN,International Conference on Information Processing in Sensor Networks,B,Meeting,2
MobiSys,"International Conference on Mobile Systems, Applications, and Services",B,Meeting,2
ICNP,International Conference on Network Protocols,B,Meeting,2
MobiHoc,International Symposium on Mobile Ad Hoc Networking and Computing,B,Meeting,2
NOSSDAV,International Workshop on Network and Operating System Support for Digital Audio and Video,B,Meeting,2
IWQoS,International Workshop on Quality of Service,B,Meeting,2
IMC,Internet Measurement Conference,B,Meeting,2
ANCS,Architectures for Networking and Communications Systems,C,Meeting,2
APNOMS,Asia-Pacific Network Operations and Management Symposium,C,Meeting,2
FORTE,Formal Techniques for Networked and Distributed Systems,C,Meeting,2
LCN,IEEE Conference on Local Computer Networks,C,Meeting,2
GLOBECOM,IEEE Global Communications Conference,C,Meeting,2
ICC,IEEE International Conference on Communications,C,Meeting,2
ICCCN,IEEE International Conference on Computer Communications and Networks,C,Meeting,2
MASS,IEEE International Conference on Mobile Ad-hoc and Sensor Systems,C,Meeting,2
P2P,IEEE International Conference on P2P Computing,C,Meeting,2
IPCCC,IEEE International Performance Computing and Communications Conference,C,Meeting,2
WoWMoM,IEEE International Symposium on a World of Wireless Mobile and Multimedia Networks,C,Meeting,2
ISCC,IEEE Symposium on Computers and Communications,C,Meeting,2
WCNC,IEEE Wireless Communications & Networking Conference,C,Meeting,2
Networking,IFIP International Conferences on Networking,C,Meeting,2
IM,IFIP/IEEE International Symposium on Integrated Network Management,C,Meeting,2
MSN,International Conference on Mobile Ad-hoc and Sensor Networks,C,Meeting,2
MSWiM,"International Conference on Modeling, Analysis and Simulation of Wireless and Mobile Systems",C,Meeting,2
WASA,"International Conference on Wireless Algorithms, Systems, and Applications",C,Meeting,2
HotNets,The Workshop on Hot Topics in Networks,C,Meeting,2
TDSC,IEEE Transactions on Dependable and Secure Computing,A,Journal,3
TIFS,IEEE Transactions on Information Forensics and Security,A,Journal,3
,Journal of Cryptology,A,Journal,3
TOPS,ACM Transactions on Privacy and Security,B,Journal,3
,Computers & Security,B,Journal,3
,"Designs, Codes and Cryptography",B,Journal,3
JCS,Journal of Computer Security,B,Journal,3
CLSR,Computer Law and Security Review,C,Journal,3
,EURASIP Journal on Information Security,C,Journal,3
,IET Information Security,C,Journal,3
IMCS,Information Management & Computer Security,C,Journal,3
IJICS,International Journal of Information and Computer Security,C,Journal,3
IJISP,International Journal of Information Security and Privacy,C,Journal,3
JISA,Journal of Information Security and Application,C,Journal,3
SCN,Security and Communication Networks,C,Journal,3
CCS,ACM Conference on Computer and Communications Security,A,Meeting,3
EUROCRYPT,European Cryptology Conference,A,Meeting,3
S&P,IEEE Symposium on Security and Privacy,A,Meeting,3
CRYPTO,International Cryptology Conference,A,Meeting,3
USENIX Security,Usenix Security Symposium,A,Meeting,3
ACSAC,Annual Computer Security Applications Conference,B,Meeting,3
ASIACRYPT,Annual International Conference on the Theory and Application of Cryptology and Information Security,B,Meeting,3
ESORICS,European Symposium on Research in Computer Security,B,Meeting,3
FSE,Fast Software Encryption,B,Meeting,3
CSFW,IEEE Computer Security Foundations Workshop,B,Meeting,3
SRDS,IEEE International Symposium on Reliable Distributed Systems,B,Meeting,3
CHES,International Conference on Cryptographic Hardware and Embedded Systems,B,Meeting,3
DSN,International Conference on Dependable Systems and Networks,B,Meeting,3
RAID,International Symposium on Recent Advances in Intrusion Detection,B,Meeting,3
PKC,International Workshop on Practice and Theory in Public Key Cryptography,B,Meeting,3
NDSS,ISOC Network and Distributed System Security Symposium,B,Meeting,3
TCC,Theory of Cryptography Conference,B,Meeting,3
WiSec,ACM Conference on Security and Privacy in Wireless and Mobile Networks,C,Meeting,3
SACMAT,ACM Symposium on Access Control Models and Technologies,C,Meeting,3
DRM,ACM Workshop on Digital Rights Management,C,Meeting,3
IH&MMSec,ACM Workshop on Information Hiding and Multimedia Security,C,Meeting,3
ACNS,Applied Cryptography and Network Security,C,Meeting,3
AsiaCCS,Asia Conference on Computer and Communications Security,C,Meeting,3
ACISP,AustralasiaConferenceonInformation SecurityandPrivacy,C,Meeting,3
CT-RSA,"RSA Conference, Cryptographers' Track",C,Meeting,3
DIMVA,Detection of Intrusions and Malware &Vulnerability Assessment,C,Meeting,3
DFRWS,Digital Forensic Research Workshop,C,Meeting,3
FC,Financial Cryptography and Data Security,C,Meeting,3
TrustCom,"IEEE International Conference on Trust,Security and Privacy in Computing and Communications",C,Meeting,3
SEC,IFIP International Information Security Conference,C,Meeting,3
IFIP WG 11.9,IFIP WG 11.9 International Conference on Digital Forensics,C,Meeting,3
ISC,Information Security Conference,C,Meeting,3
ICDF2C,International Conference on Digital Forensics & Cyber Crime,C,Meeting,3
ICICS,International Conference on Information and Communications Security,C,Meeting,3
SecureComm,International Conference on Security and Privacy in Communication Networks,C,Meeting,3
NSPW,New Security Paradigms Workshop,C,Meeting,3
PAM,Passive and Active Measurement Conference,C,Meeting,3
PETS,Privacy Enhancing Technologies Symposium,C,Meeting,3
SAC,Selected Areas in Cryptography,C,Meeting,3
SOUPS,Symposium On Usable Privacy and Security,C,Meeting,3
HotSec,USENIX Workshop on Hot Topics in Security,C,Meeting,3
TOPLAS,ACM Transactions on Programming Languages & Systems,A,Journal,4
TOSEM,ACM Transactions on Software Engineering and Methodology,A,Journal,4
TSE,IEEE Transactions on Software Engineering,A,Journal,4
ASE,Automated Software Engineering,B,Journal,4
ESE,Empirical Software Engineering,B,Journal,4
TSC,IEEE Transactions on Service Computing,B,Journal,4
IETS,IET Software,B,Journal,4
IST,Information and Software Technology,B,Journal,4
JFP,Journal of Functional Programming,B,Journal,4
,Journal of Software: Evolution and Process,B,Journal,4
JSS,Journal of Systems and Software,B,Journal,4
RE,Requirements Engineering,B,Journal,4
SCP,Science of Computer Programming,B,Journal,4
SoSyM,Software and System Modeling,B,Journal,4
STVR,"Software Testing, Verification and Reliability",B,Journal,4
SPE,Software: Practice and Experience,B,Journal,4
CL,"Computer Languages, Systems and Structures",C,Journal,4
IJSEKE,International Journal on Software Engineering and Knowledge Engineering,C,Journal,4
STTT,International Journal on Software Tools for Technology Transfer,C,Journal,4
JLAP,Journal of Logic and Algebraic Programming,C,Journal,4
JWE,Journal of Web Engineering,C,Journal,4
SOCA,Service Oriented Computing and Applications,C,Journal,4
SQJ,Software Quality Journal,C,Journal,4
TPLP,Theory and Practice of Logic Programming,C,Journal,4
PLDI,ACM SIGPLAN Symposium on Programming Language Design & Implementation,A,Meeting,4
POPL,ACM SIGPLAN-SIGACT Symposium on Principles of Programming Languages,A,Meeting,4
FSE/ESEC,ACM SIGSOFT Symposium on the Foundation of Software Engineering/ European Software Engineering Conference,A,Meeting,4
SOSP,ACM Symposium on Operating Systems Principles,A,Meeting,4
OOPSLA,"Conference on Object-Oriented Programming Systems, Languages,and Applications",A,Meeting,4
ASE,International Conference on Automated Software Engineering,A,Meeting,4
ICSE,International Conference on Software Engineering,A,Meeting,4
ISSTA,International Symposium on Software Testing and Analysis,A,Meeting,4
OSDI,USENIX Symposium on Operating Systems Design and Implementations,A,Meeting,4
ECOOP,European Conference on Object-Oriented Programming,B,Meeting,4
ETAPS,European Joint Conferences on Theory and Practice of Software,B,Meeting,4
ICPC,IEEE International Conference on Program Comprehension,B,Meeting,4
RE,IEEE International Requirement Engineering Conference,B,Meeting,4
CAiSE,International Conference on Advanced Information Systems Engineering,B,Meeting,4
ICFP,International Conference on Function Programming,B,Meeting,4
LCTES,"International Conference on Languages,Compilers, Tools and Theory for Embedded Systems",B,Meeting,4
MoDELS,International Conference on Model Driven Engineering Languages and Systems,B,Meeting,4
CP,International Conference on Principles and Practice of Constraint Programming,B,Meeting,4
ICSOC,International Conference on Service Oriented Computing,B,Meeting,4
SANER,"International Conference on Software Analysis, Evolution, and Reengineering",B,Meeting,4
ICSME,International Conference on Software Maintenance and Evolution,B,Meeting,4
VMCAI,"International Conference on Verification,Model Checking, and Abstract Interpretation",B,Meeting,4
ICWS,International Conference on Web Services(Research Track),B,Meeting,4
Middleware,International Middleware Conference,B,Meeting,4
SAS,International Static Analysis Symposium,B,Meeting,4
ESEM,International Symposium on Empirical Software Engineering and Measurement,B,Meeting,4
FM,International Symposium on Formal Methods,B,Meeting,4
ISSTA,International Symposium on Software Testing and Analysis,B,Meeting,4
HotOS,USENIX Workshop on Hot Topics in Operating Systems,B,Meeting,4
PEPM,ACM SIGPLAN Workshop on Partial Evaluation and Program Manipulation,C,Meeting,4
PASTE,ACMSIGPLAN-SIGSOFT Workshop on Program Analysis for Software Tools and Engineering,C,Meeting,4
APLAS,Asian Symposium on Programming Languages and Systems,C,Meeting,4
APSEC,Asia-Pacific Software Engineering Conference,C,Meeting,4
EASE,Evaluation and Assessment in Software Engineering,C,Meeting,4
ICECCS,IEEE International Conference on Engineering of Complex Computer Systems,C,Meeting,4
ICST,"IEEE International Conference on Software Testing, Verification and Validation",C,Meeting,4
ISPASS,IEEE International Symposium on Performance Analysis of Systems and Software,C,Meeting,4
SCAM,IEEE International Working Conference on Source Code Analysis and Manipulation,C,Meeting,4
COMPSAC,International Computer Software and Applications Conference,C,Meeting,4
ICFEM,International Conference on Formal Engineering Methods,C,Meeting,4
TOOLS,"International Conference on Objects, Models, Components, Patterns",C,Meeting,4
SCC,International Conference on Service Computing,C,Meeting,4
ICSSP,International Conference on Software and System Process,C,Meeting,4
SEKE,International Conference on Software Engineering and Knowledge Engineering,C,Meeting,4
QRS,"International Conference on Software Quality, Reliability and Security",C,Meeting,4
ICSR,International Conference on Software Reuse,C,Meeting,4
ICWE,International Conference on Web Engineering,C,Meeting,4
SPIN,International SPIN Workshop on Model Checking of Software,C,Meeting,4
ATVA,International Symposium on Automated Technology for Verification and Analysis,C,Meeting,4
LOPSTR,International Symposium on Logic-based Program Synthesis and Transformation,C,Meeting,4
TASE,International Symposium on Theoretical Aspects of Software Engineering,C,Meeting,4
MSR,Mining Software Repositories,C,Meeting,4
REFSQ,Requirements Engineering: Foundation for Software Quality,C,Meeting,4
WICSA,Working IEEE/IFIP Conference on Software Architecture,C,Meeting,4
TODS,ACM Transactions on Database Systems,A ,Journal,4
TOIS,ACM Transactions on Information Systems,A ,Journal,4
TKDE,IEEE Transactions on Knowledge and Data Engineering,A ,Journal,4
VLDBJ,The VLDB Journal,A ,Journal,4
TKDD,ACM Transactions on Knowledge Discovery from Data,B,Journal,4
TWEB,ACM Transactions on the Web,B,Journal,4
AEI,Advanced Engineering Informatics,B,Journal,4
DKE,Data and Knowledge Engineering,B,Journal,4
DMKD,Data Mining and Knowledge Discovery,B,Journal,4
EJIS,European Journal of Information Systems,B,Journal,4
,GeoInformatica,B,Journal,4
IPM,Information Processing and Management,B,Journal,4
,Information Sciences,B,Journal,4
IS,Information Systems,B,Journal,5
JASIST,Journal of the American Society for Information Science and Technology,B,Journal,5
JWS,Journal of Web Semantics,B,Journal,5
KAIS,Knowledge and Information Systems,B,Journal,5
DPD,Distributed and Parallel Databases,C,Journal,5
I&M,Information and Management,C,Journal,5
IPL,Information Processing Letters,C,Journal,5
IR,Information Retrieval Journal,C,Journal,5
IJCIS,International Journal of Cooperative Information Systems,C,Journal,5
IJGIS,International Journal of Geographical Information Science,C,Journal,5
IJIS,International Journal of Intelligent Systems,C,Journal,5
IJKM,International Journal of Knowledge Management,C,Journal,5
IJSWIS,International Journal on Semantic Web and Information Systems,C,Journal,5
JCIS,Journal of Computer Information Systems,C,Journal,5
JDM,Journal of Database Management,C,Journal,5
JGITM,Journal of Global Information Technology Management,C,Journal,5
JIIS,Journal of Intelligent Information Systems,C,Journal,5
JSIS,Journal of Strategic Information Systems,C,Journal,5
SIGMODACM,Conference on Management of Data,A,Meeting,5
SIGKDDACM,Knowledge Discovery and Data Mining,A,Meeting,5
ICDEIEEE,International Conference on Data Engineering,A,Meeting,5
SIGIR,International Conference on Research on Development in Information Retrieval,A,Meeting,5
VLDB,International Conference on Very Large Data Bases,A,Meeting,5
CIKM,ACM International Conference on Information and Knowledge Management,B,Meeting,5
WSDM,ACM International Conference on Web Search and Data Mining,B,Meeting,5
PODS,ACM Symposium on Principles of Database Systems,B,Meeting,5
DASFAA,Database Systems for Advanced Applications,B,Meeting,5
ECML-PKDD,European Conference on Machine Learning and Principles and Practice of Knowledge Discovery in Databases,B,Meeting,5
ISWC,IEEEInternational Semantic Web Conference,B,Meeting,5
ICDM,International Conference on Data Mining,B,Meeting,5
ICDT,International Conference on Database Theory,B,Meeting,5
EDBT,International Conference on Extending DB Technology,B,Meeting,5
CIDR,International Conference on Innovative Data Systems Research,B,Meeting,5
SDM,SIAM International Conference on Data Mining,B,Meeting,5
APWeb,Asia Pacific Web Conference,C,Meeting,5
DEXA,Database and Expert System Applications,C,Meeting,5
ECIR,European Conference on IR Research,C,Meeting,5
ESWC,Extended Semantic Web Conference,C,Meeting,5
WebDB,International ACM Workshop on Web and Databases,C,Meeting,5
ER,International Conference on Conceptual Modeling,C,Meeting,5
MDM,International Conference on Mobile Data Management,C,Meeting,5
SSDBM,International Conference on Scientific and Statistical DB Management,C,Meeting,5
WAIM,International Conference on Web Age Information Management,C,Meeting,5
SSTD,International Symposium on Spatial and Temporal Databases,C,Meeting,5
PAKDD,Pacific-Asia Conference on Knowledge Discovery and Data Mining,C,Meeting,5
WISE,Web Information Systems Engineering,C,Meeting,5
TIT,IEEE Transactions on Information Theory,A,Journal,6
IANDC,Information and Computation,A,Journal,6
SICOMP,SIAM Journal on Computing,A,Journal,6
TALG,ACM Transactions on Algorithms,B,Journal,6
TOCL,ACM Transactions on Computational Logic,B,Journal,6
TOMS,ACM Transactions on Mathematical Software,B,Journal,6
Algorithmica,Algorithmica,B,Journal,6
CC,Computational complexity,B,Journal,6
FAC,Formal Aspects of Computing,B,Journal,6
FMSD,Formal Methods in System Design,B,Journal,6
INFORMS,INFORMS Journal on Computing,B,Journal,6
JCSS,Journal of Computer and System Sciences,B,Journal,6
JGO,Journal of Global Optimization,B,Journal,6
JSC,Journal of Symbolic Computation,B,Journal,6
MSCS,Mathematical Structures in Computer Science,B,Journal,6
TCS,Theoretical Computer Science,B,Journal,6
ACTA,Acta Informatica,C,Journal,6
APAL,Annals of Pure and Applied Logic,C,Journal,6
DAM,Discrete Applied Mathematics,C,Journal,6
FUIN,Fundamenta Informaticae,C,Journal,6
LISP,Higher-Order and Symbolic Computation,C,Journal,6
IPL,Information Processing Letters,C,Journal,6
JCOMPLEXITY,Journal of Complexity,C,Journal,6
LOGCOM,Journal of Logic and Computation,C,Journal,6
JSL,Journal of Symbolic Logic,C,Journal,6
LMCS,Logical Methods in Computer Science,C,Journal,6
SIDMA,SIAM Journal on Discrete Mathematics,C,Journal,6
,Theory of Computing Systems,C,Journal,6
STOC,ACM Symposium on Theory of Computing,A,Meeting,6
SODA,ACM-SIAM Symposium on Discrete Algorithms,A,Meeting,6
CAV,Computer Aided Verification,A,Meeting,6
FOCS,IEEE Annual Symposium on Foundations of Computer Science,A,Meeting,6
LICS,IEEE Symposium on Logic in Computer Science,A,Meeting,6
SoCG,ACM Symposium on Computational Geometry,B,Meeting,6
ESA,European Symposium on Algorithms,B,Meeting,6
CCC,IEEE Conference on Computational Complexity,B,Meeting,6
ICALP,"International Colloquium on Automata, Languages and Programming",B,Meeting,6
CADE/IJCAR,International Conference on Automated Deduction/International Joint Conference on Automated Reasoning,B,Meeting,6
CONCUR,International Conference on Concurrency Theory,B,Meeting,6
HSCC,International Conference on Hybrid Systems: Computation and Control,B,Meeting,6
SAT,Theory and Applications of Satisfiability Testing,B,Meeting,6
CSL,Computer Science Logic,C,Meeting,6
FMCAD,Formal Method in Computer-Aided Design,C,Meeting,6
FSTTCS,Foundations of Software Technology and Theoretical Computer Science,C,Meeting,6
DSAA,IEEE International Conference on Data Science and Advanced Analytics,C,Meeting,6
ICTAC,International Colloquium on Theoretical Aspects of Computing,C,Meeting,6
IPCO,International Conference on Integer Programming and Combinatorial Optimization,C,Meeting,6
RTA,International Conference on Rewriting Techniques and Applications,C,Meeting,6
ISAAC,International Symposium on Algorithms and Computation,C,Meeting,6
MFCS,Mathematical Foundations of Computer Science,C,Meeting,6
STACS,Symposium on Theoretical Aspects of Computer Science,C,Meeting,6
TOG,ACM Transactions on Graphics,A,Journal,7
TIP,IEEE Transactions on Image Processing,A,Journal,7
TVCG,IEEE Transactions on Visualization and Computer Graphics,A,Journal,7
TOMCCAP,"ACM Transactions on Multimedia Computing,Communications and Application",B,Journal,7
CAGD,Computer Aided Geometric Design,B,Journal,7
CGF,Computer Graphics Forum,B,Journal,7
CAD,Computer-Aided Design,B,Journal,7
GM,Graphical Models,B,Journal,7
TCSVT,IEEE Transactions on Circuits and Systems for Video Technology,B,Journal,7
TMM,IEEE Transactions on Multimedia,B,Journal,7
JASA,Journal of The Acoustical Society of America,B,Journal,7
SIIMS,SIAM Journal on Imaging Sciences,B,Journal,7
Speech Com,Speech Communication,B,Journal,7
CGTA,Computational Geometry: Theory and Applications,C,Journal,7
CAVW,Computer Animation and Virtual Worlds,C,Journal,7
C&G,Computers & Graphics,C,Journal,7
DCG,Discrete & Computational Geometry,C,Journal,7
SPL,IEEE Signal Processing Letters,C,Journal,7
IET-IPR,IET Image Processing,C,Journal,7
JVCIR,Journal of Visual Communication and Image Representation,C,Journal,7
MS,Multimedia Systems,C,Journal,7
MTA,Multimedia Tools and Applications,C,Journal,7
,Signal Processing,C,Journal,7
SPIC,Signal processing : image communication,C,Journal,7
TVC,The Visual Computer,C,Journal,7
ACM MM,ACM International Conference on Multimedia,A,Meeting,7
SIGGRAPH,ACM SIGGRAPH Annual Conference,A,Meeting,7
VR,IEEE Virtual Reality,A,Meeting,7
IEEE VIS,IEEE Visualization Conference,A,Meeting,7
ICMR,ACM SIGMM International Conference on Multimedia Retrieval,B,Meeting,7
SI3D,ACM Symposium on Interactive 3D Graphics,B,Meeting,7
SCA,ACM/Eurographics Symposium on Computer Animation,B,Meeting,7
DCC,Data Compression Conference,B,Meeting,7
EG,Eurographics,B,Meeting,7
EuroVis,Eurographics Conference on Visualization,B,Meeting,7
SGP,Eurographics Symposium on Geometry Processing,B,Meeting,7
EGSR,Eurographics Symposium on Rendering,B,Meeting,7
ICASSP,"IEEE International Conference on Acoustics,Speech and SP",B,Meeting,7
ICME,IEEE International Conference on Multimedia& Expo,B,Meeting,7
ISMAR,International Symposium on Mixed and Augmented Reality,B,Meeting,7
PG,Pacific Graphics: The Pacific Conference on Computer Graphics and Applications,B,Meeting,7
SPM,Symposium on Solid and Physical Modeling,B,Meeting,7
,ACM Symposium on Virtual Reality Software and Technology,C,Meeting,7
CASA,Computer Animation and Social Agents,C,Meeting,7
CGI,Computer Graphics International,C,Meeting,7
INTERSPEECH,Conference of the International SpeechCommunication Association,C,Meeting,7
GMP,Geometric Modeling and Processing,C,Meeting,7
PacificVis,IEEE Pacific Visualization Symposium,C,Meeting,7
3DV,International Conference on 3D Vision,C,Meeting,7
CAD/Graphics,International Conference on Computer-Aided Design and Computer Graphics,C,Meeting,7
ICIP,International Conference on Image Processing,C,Meeting,7
MMM,International Conference on Multimedia Modeling,C,Meeting,7
PCM,Pacific-Rim Conference on Multimedia,C,Meeting,7
SMI,Shape Modeling International,C,Meeting,7
AI,Artificial Intelligence,A,Journal,8
TPAMI,IEEE Trans on Pattern Analysis and Machine Intelligence,A,Journal,8
IJCV,International Journal of Computer Vision,A,Journal,8
JMLR,Journal of Machine Learning Research,A,Journal,8
TAP,ACM Transactions on Applied Perception,B,Journal,8
TSLP,ACM Transactions on Speech and Language Processing,B,Journal,8
AAMAS,Autonomous Agents and Multi-Agent Systems,B,Journal,8
,Computational Linguistics,B,Journal,8
CVIU,Computer Vision and Image Understanding,B,Journal,8
DKE,Data and Knowledge Engineering,B,Journal,8
,Evolutionary Computation,B,Journal,8
TAC,IEEE Transactions on Affective Computing,B,Journal,8
TASLP,"IEEE Transactions on Audio, Speech, and Language Processing",B,Journal,8
,IEEE Transactions on Cybernetics,B,Journal,8
TEC,IEEE Transactions on Evolutionary Computation,B,Journal,8
TFS,IEEE Transactions on Fuzzy Systems,B,Journal,8
TNNLS,IEEE Transactions on Neural Networks and learning systems,B,Journal,8
IJAR,International Journal of Approximate Reasoning,B,Journal,8
JAIR,Journal of Artificial Intelligence Research,B,Journal,8
,Journal of Automated Reasoning,B,Journal,8
JSLHR,"Journal of Speech, Language, and Hearing Research",B,Journal,8
,Machine Learning,B,Journal,8
,Neural Computation,B,Journal,8
,Neural Networks,B,Journal,8
,Pattern Recognition,B,Journal,8
TALLIP,ACM Transactions on Asian and Low-Resource Language Information Processing,C,Journal,8
,Applied Intelligence,C,Journal,8
AIM,Artificial Intelligence in Medicine,C,Journal,8
,Artificial Life,C,Journal,8
,Computational Intelligence,C,Journal,8
,Computer Speech and Language,C,Journal,8
,Connection Science,C,Journal,8
DSS,Decision Support Systems,C,Journal,8
EAAI,Engineering Applications of Artificial Intelligence,C,Journal,8
,Expert Systems,C,Journal,8
ESWA,Expert Systems with Applications,C,Journal,8
,Fuzzy Sets and Systems,C,Journal,8
TG,IEEE Transactions on Games,C,Journal,8
IET-CVI,IET Computer Vision,C,Journal,8
,IET Signal Processing,C,Journal,8
IVC,Image and Vision Computing,C,Journal,8
IDA,Intelligent Data Analysis,C,Journal,8
IJCIA,International Journal of Computational Intelligence and Applications,C,Journal,8
IJIS,International Journal of Intelligent Systems,C,Journal,8
IJNS,International Journal of Neural Systems,C,Journal,8
IJPRAI,International Journal of Pattern Recognition and Artificial Intelligence,C,Journal,8
IJUFKS,"International Journal of Uncertainty, Fuzziness and Knowledge-Based System",C,Journal,8
IJDAR,International Journal on Document Analysis and Recognition,C,Journal,8
JETAI,Journal of Experimental and Theoretical Artificial Intelligence,C,Journal,8
KBS,Knowledge-Based Systems,C,Journal,8
,Machine Translation,C,Journal,8
,Machine Vision and Applications,C,Journal,8
,Natural Computing,C,Journal,8
NLE,Natural Language Engineering,C,Journal,8
NCA,Neural Computing & Applications,C,Journal,8
NPL,Neural Processing Letters,C,Journal,8
,Neurocomputing,C,Journal,8
PAA,Pattern Analysis and Applications,C,Journal,8
PRL,Pattern Recognition Letters,C,Journal,8
,Soft Computing,C,Journal,8
WI,Web Intelligence,C,Journal,8
AAAI,AAAI Conference on Artificial Intelligence,A,Meeting,8
NeurIPS,Annual Conference on Neural Information Processing Systems,A,Meeting,8
ACL,Annual Meeting of the Association for Computational Linguistics,A,Meeting,8
CVPR,IEEE Conference on Computer Vision and Pattern Recognition,A,Meeting,8
ICCV,International Conference on Computer Vision,A,Meeting,8
ICML,International Conference on Machine Learning,A,Meeting,8
IJCAI,International Joint Conference on Artificial Intelligence,A,Meeting,8
COLT,Annual Conference on Computational Learning Theory,B,Meeting,8
EMNLP,Conference on Empirical Methods in Natural Language Processing,B,Meeting,8
ECAI,European Conference on Artificial Intelligence,B,Meeting,8
ECCV,European Conference on Computer Vision,B,Meeting,8
ICRA,IEEE International Conference on Robotics and Automation,B,Meeting,8
ICAPS,International Conference on Automated Planning and Scheduling,B,Meeting,8
ICCBR,International Conference on Case-Based Reasoning and Development,B,Meeting,8
COLING,International Conference on Computational Linguistics,B,Meeting,8
KR,International Conference on Principles of Knowledge Representation and Reasoning,B,Meeting,8
UAI,International Conference on Uncertainty in Artificial Intelligence,B,Meeting,8
AAMAS,International Joint Conference on Autonomous Agents and Multi-agent Systems,B,Meeting,8
PPSN,Parallel Problem Solving from Nature,B,Meeting,8
AISTATS,Artificial Intelligence and Statistics,C,Meeting,8
ACCV,Asian Conference on Computer Vision,C,Meeting,8
ACML,Asian Conference on Machine Learning,C,Meeting,8
BMVC,British Machine Vision Conference,C,Meeting,8
NLPCC,CCF International Conference on Natural Language Processing and Chinese Computing,C,Meeting,8
CoNLL,Conference on Computational Natural Language Learning,C,Meeting,8
GECCO,Genetic and Evolutionary Computation Conference,C,Meeting,8
ICTAI,IEEE International Conference on Tools with Artificial Intelligence,C,Meeting,8
IROS,IEEE\RSJ International Conference on Intelligent Robots and Systems,C,Meeting,8
ALT,International Conference on Algorithmic Learning Theory,C,Meeting,8
ICANN,International Conference on Artificial Neural Networks,C,Meeting,8
FG,International Conference on Automatic Face and Gesture Recognition,C,Meeting,8
ICDAR,International Conference on Document Analysis and Recognition,C,Meeting,8
ILP,International Conference on Inductive Logic Programming,C,Meeting,8
KSEM,"International conference on Knowledge Science,Engineering and Management",C,Meeting,8
ICONIP,International Conference on Neural Information Processing,C,Meeting,8
ICPR,International Conference on Pattern Recognition,C,Meeting,8
ICB,International Joint Conference on Biometrics,C,Meeting,8
IJCNN,International Joint Conference on Neural Networks,C,Meeting,8
PRICAI,Pacific Rim International Conference on Artificial Intelligence,C,Meeting,8
NAACL,The Annual Conference of the North American Chapter of the Association for Computational Linguistics,C,Meeting,8
TOCHI,ACM Transactions on Computer-Human Interaction,A,Journal,9
IJHCS,International Journal of Human Computer Studies,A,Journal,9
CSCW,Computer Supported Cooperative Work,B,Journal,9
HCI,Human Computer Interaction,B,Journal,9
,IEEE Transactions on Human-Machine Systems,B,Journal,9
IWC,Interacting with Computers,B,Journal,9
IJHCI,International Journal of Human-Computer Interaction,B,Journal,9
UMUAI,User Modeling and User-Adapted Interaction,B,Journal,9
BIT,Behaviour & Information Technology,C,Journal,9
PUC,Personal and Ubiquitous Computing,C,Journal,9
PMC,Pervasive and Mobile Computing,C,Journal,9
CSCW,ACM Conference on Computer Supported Cooperative Work and Social Computing,A,Meeting,9
CHI,ACM Conference on Human Factors in Computing Systems,A,Meeting,9
UbiComp,ACM International Conference on Ubiquitous Computing,A,Meeting,9
GROUP,ACM Conference on Supporting Group Work,B,Meeting,9
IUI,ACM International Conference on Intelligent User Interfaces,B,Meeting,9
ITS,ACM International Conference on Interactive Tabletops and Surfaces,B,Meeting,9
UIST,ACM Symposium on User Interface Software and Technology,B,Meeting,9
ECSCW,European Conference on Computer Supported Cooperative Work,B,Meeting,9
PERCOM,IEEE International Conference on Pervasive Computing and Communications,B,Meeting,9
MobileHCI,International Conference on Human Computer Interaction with Mobile Devices and Services,B,Meeting,9
DIS,ACM Conference on Designing Interactive Systems,C,Meeting,9
ICMI,ACM International Conference on Multimodal Interaction,C,Meeting,9
ASSETS,ACM SIGACCESS Conference on Computers and Accessibility,C,Meeting,9
GI,Graphics Interface conference,C,Meeting,9
UIC,IEEE International Conference on Ubiquitous Intelligence and Computing,C,Meeting,9
,IEEE World Haptics Conference,C,Meeting,9
INTERACT,IFIP TC13 Conference on Human-Computer Interaction,C,Meeting,9
IDC,Interaction Design and Children,C,Meeting,9
CollaborateCom,"International Conference on Collaborative Computing: Networking, Applications and Worksharing",C,Meeting,9
CSCWD,International Conference on Computer Supported Cooperative Work in Design,C,Meeting,9
CoopIS,International Conference on Cooperative Information Systems,C,Meeting,9
MobiQuitous,"International Conference on Mobile and Ubiquitous Systems: Computing,Networking and Services",C,Meeting,9
AVI,International Working Conference on Advanced Visual Interfaces,C,Meeting,9
JACM,Journal of the ACM,A ,Journal,10
Proc. IEEE,Proceedings of the IEEE,A ,Journal,10
,Bioinformatics,B,Journal,10
,Briefings in Bioinformatics,B,Journal,10
Cognition,Cognition: International Journal of Cognitive Science,B,Journal,10
TASAE,IEEE Transactions on Automation Science and Engineering,B,Journal,10
TGARS,IEEE Transactions on Geoscience and Remote Sensing,B,Journal,10
TITS,IEEE Transactions on Intelligent Transportation Systems,B,Journal,10
TMI,IEEE Transactions on Medical Imaging,B,Journal,10
TR,IEEE Transactions on Robotics,B,Journal,10
TCBB,IEEE-ACM Transactions on Computational Biology and Bioinformatics,B,Journal,10
JCST,Journal of Computer Science and Technology,B,Journal,10
JAMIA,Journal of the American Medical Informatics Association,B,Journal,10
,PLOS Computational Biology,B,Journal,10
,Science China Information Sciences,B,Journal,10
,The Computer Journal,B,Journal,10
,World Wide Web Journal,B,Journal,10
,BMC Bioinformatics,C,Journal,10
,Cybernetics and Systems,C,Journal,10
FCS,Frontiers of Computer Science,C,Journal,10
,IEEE Geoscience and Remote Sensing Letters,C,Journal,10
,JBHI,C,Journal,10
,TBD,C,Journal,10
,IET Intelligent Transport Systems,C,Journal,10
,JBI,C,Journal,10
,Medical Image Analysis,C,Journal,10
WWW,International World Wide Web Conferences,A,Meeting,10
RTSS,Real-Time Systems Symposium,A,Meeting,10
CogSci,Cognitive Science Society Annual Conference,B,Meeting,10
BIBM,IEEE International Conference on Bioinformatics and Biomedicine,B,Meeting,10
EMSOFT,International Conference on Embedded Software,B,Meeting,10
ISMB,International conference on Intelligent Systems for Molecular Biology,B,Meeting,10
RECOMB,International Conference on Research in Computational Molecular Biology,B,Meeting,10
AMIA,American Medical Informatics Association Annual Symposium,C,Meeting,10
APBC,Asia Pacific Bioinformatics Conference,C,Meeting,10
,IEEE International Conference on Big Data,C,Meeting,10
,IEEE International Conference on Cloud Computing,C,Meeting,10
SMC,"IEEE International Conference on Systems, Man, and Cybernetics",C,Meeting,10
COSIT,International Conference on Spatial Information Theory,C,Meeting,10
ISBRA,International Symposium on Bioinformatics Research and Applications,C,Meeting,10
